contractSymbol,lastTradeDate,strike,lastPrice,bid,ask,change,percentChange,volume,openInterest,impliedVolatility,inTheMoney,contractSize,currency,ticker_name,expiration_date,option_type,strike_price,days_to_expiration,adjusted_price,return_if_exercised,drawdown_at_breakeven,outlier,pareto
RKLB250314C00016000,2025-03-11 15:31:18+00:00,16.0,2.15,1.86,2.03,0.60000014,38.70969,10.0,122,0.945313046875,True,REGULAR,USD,RKLB,2025-03-14,call,16.0,2,1.86,0.36464517829693777,0.9999999981548021,False,False
RKLB250314C00016500,2025-03-11 18:18:57+00:00,16.5,1.56,1.46,1.63,0.40999997,35.652172,109.0,40,0.9531254687499999,True,REGULAR,USD,RKLB,2025-03-14,call,16.5,2,1.46,2.7772059655961736,0.9999998312497234,False,False
RKLB250314C00017000,2025-03-11 19:17:01+00:00,17.0,1.32,0.95,1.43,0.41000003,45.054947,287.0,211,0.9609378906249999,True,REGULAR,USD,RKLB,2025-03-14,call,17.0,2,0.95,2.4083520290049774,0.9999543551451282,False,False
RKLB250314C00017500,2025-03-11 19:57:16+00:00,17.5,0.94,0.5,0.99,0.23000002,32.39437,894.0,701,0.7656273437500001,True,REGULAR,USD,RKLB,2025-03-14,call,17.5,2,0.5,4.656992314863927,0.9944393435931913,False,False
RKLB250314C00018000,2025-03-11 19:59:53+00:00,18.0,0.68,0.62,0.68,0.13,23.636364,1613.0,660,0.9785158398437501,False,REGULAR,USD,RKLB,2025-03-14,call,18.0,2,0.62,2732.621770101753,0.9984358622812611,False,True
RKLB250314C00018500,2025-03-11 19:58:35+00:00,18.5,0.45,0.26,0.5,0.109999985,32.352936,719.0,829,0.8730481445312499,False,REGULAR,USD,RKLB,2025-03-14,call,18.5,2,0.26,10716.870794366307,0.9315341108888542,False,False
RKLB250314C00019000,2025-03-11 19:59:38+00:00,19.0,0.32,0.3,0.34,0.00999999,3.2258034,1752.0,916,0.99804689453125,False,REGULAR,USD,RKLB,2025-03-14,call,19.0,2,0.3,1902627.0646505759,0.9548364554048699,False,True
RKLB250314C00019500,2025-03-11 19:49:08+00:00,19.5,0.24,0.2,0.25,0.03999999,19.999994,1523.0,424,1.0234423828125,False,REGULAR,USD,RKLB,2025-03-14,call,19.5,2,0.2,80378412.48988375,0.8724343903368905,False,True
RKLB250314C00020000,2025-03-11 19:58:34+00:00,20.0,0.15,0.13,0.16,0.0,0.0,1790.0,5017,1.01953615234375,False,REGULAR,USD,RKLB,2025-03-14,call,20.0,2,0.13,4135034526.5292325,0.7370483732795036,False,True
RKLB250314C00021000,2025-03-11 19:52:13+00:00,21.0,0.07,0.07,0.08,-0.009999998,-12.499997,1187.0,1242,1.08984830078125,False,REGULAR,USD,RKLB,2025-03-14,call,21.0,2,0.07,17128311531435.432,0.5122995129807187,False,True
RKLB250314C00021500,2025-03-11 19:53:44+00:00,21.5,0.05,0.04,0.06,-0.02,-28.571428,151.0,235,1.1015669921875002,False,REGULAR,USD,RKLB,2025-03-14,call,21.5,2,0.04,959957275964149.5,0.3363301441770733,False,True
RKLB250314C00022000,2025-03-11 19:07:54+00:00,22.0,0.04,0.01,0.05,-0.010000002,-20.000002,222.0,1575,1.09375453125,False,REGULAR,USD,RKLB,2025-03-14,call,22.0,2,0.01,4.93225719902222e+16,0.09733728066438352,False,False
RKLB250314C00022500,2025-03-11 17:37:44+00:00,22.5,0.04,0.02,0.05,-0.010000002,-20.000002,102.0,1377,1.21875390625,False,REGULAR,USD,RKLB,2025-03-14,call,22.5,2,0.02,3.225713681979009e+18,0.18524686115680744,False,False
RKLB250314C00023000,2025-03-11 19:45:54+00:00,23.0,0.03,0.01,0.05,-0.03,-50.0,734.0,1300,1.2812535937499998,False,REGULAR,USD,RKLB,2025-03-14,call,23.0,2,0.01,1.639345602542426e+20,0.09733728066438352,False,False
RKLB250314C00023500,2025-03-11 16:28:34+00:00,23.5,0.02,0.02,0.04,-0.01,-33.333336,5.0,314,1.3750031249999999,False,REGULAR,USD,RKLB,2025-03-14,call,23.5,2,0.02,8.957877550663744e+21,0.18524686115680744,False,False
RKLB250314C00024000,2025-03-11 19:46:32+00:00,24.0,0.06,0.02,0.05,0.03,100.0,137.0,1293,1.484377578125,False,REGULAR,USD,RKLB,2025-03-14,call,24.0,2,0.02,4.163585174999384e+23,0.18524686115680744,False,True
RKLB250314C00024500,2025-03-11 19:05:04+00:00,24.5,0.02,0.01,0.02,0.0,0.0,28.0,1393,1.3750031249999999,False,REGULAR,USD,RKLB,2025-03-14,call,24.5,2,0.01,1.6597453609091183e+25,0.09733728066438352,False,False
RKLB250314C00025000,2025-03-11 19:54:18+00:00,25.0,0.02,0.01,0.02,0.01,100.0,228.0,1623,1.46875265625,False,REGULAR,USD,RKLB,2025-03-14,call,25.0,2,0.01,6.616613425476657e+26,0.09733728066438352,False,False
RKLB250314C00025500,2025-03-10 19:22:44+00:00,25.5,0.01,0.01,0.09,0.0,0.0,61.0,433,1.8359383203124997,False,REGULAR,USD,RKLB,2025-03-14,call,25.5,2,0.01,2.4521418183541676e+28,0.09733728066438352,False,False
RKLB250314C00026000,2025-03-11 19:53:53+00:00,26.0,0.01,0.01,0.04,0.0,0.0,69.0,521,1.71875140625,False,REGULAR,USD,RKLB,2025-03-14,call,26.0,2,0.01,8.472294329596279e+29,0.09733728066438352,False,True
RKLB250321C00016000,2025-03-10 19:39:09+00:00,16.0,2.15,2.11,2.39,0.2700001,14.361708,1.0,72,0.9414068359375,True,REGULAR,USD,RKLB,2025-03-21,call,16.0,9,2.11,0.8898584243557359,0.9939831086125753,False,False
RKLB250321C00017000,2025-03-11 19:37:38+00:00,17.0,1.66,1.55,1.8,0.26999998,19.42446,171.0,362,1.009770576171875,True,REGULAR,USD,RKLB,2025-03-21,call,17.0,9,1.55,3.996642025810477,0.9750794881434073,False,False
RKLB250321C00018000,2025-03-11 19:48:27+00:00,18.0,1.16,1.08,1.24,0.26,28.88889,331.0,460,1.0039112304687499,False,REGULAR,USD,RKLB,2025-03-21,call,18.0,9,1.08,14.64566772737661,0.9208658325745547,False,False
RKLB250321C00019000,2025-03-11 19:47:30+00:00,19.0,0.75,0.6,0.8,0.14999998,24.999996,522.0,889,0.937500625,False,REGULAR,USD,RKLB,2025-03-21,call,19.0,9,0.6,45.51005316566353,0.750824697434158,False,False
RKLB250321C00020000,2025-03-11 19:59:42+00:00,20.0,0.5,0.36,0.54,0.06999999,16.279068,596.0,3140,0.9531254687499999,False,REGULAR,USD,RKLB,2025-03-21,call,20.0,9,0.36,216.456954060267,0.5630920561868212,False,False
RKLB250321C00021000,2025-03-11 19:54:12+00:00,21.0,0.33,0.29,0.34,0.050000012,17.857145,458.0,741,1.0039112304687499,False,REGULAR,USD,RKLB,2025-03-21,call,21.0,9,0.29,1329.4428464775633,0.48608470724497754,False,False
RKLB250321C00022000,2025-03-11 19:59:59+00:00,22.0,0.21,0.19,0.21,0.00999999,4.999995,725.0,1105,1.017583037109375,False,REGULAR,USD,RKLB,2025-03-21,call,22.0,9,0.19,7130.246399095276,0.3526769367149165,False,False
RKLB250321C00022500,2025-03-11 19:49:27+00:00,22.5,0.16,0.15,0.18,0.030000001,23.076923,65.0,905,1.0351610742187503,False,REGULAR,USD,RKLB,2025-03-21,call,22.5,9,0.15,16386.739460473793,0.2903344290995775,False,False
RKLB250321C00023000,2025-03-11 19:08:50+00:00,23.0,0.13,0.12,0.15,0.019999996,18.181814,131.0,765,1.0468797656250002,False,REGULAR,USD,RKLB,2025-03-21,call,23.0,9,0.12,37689.762730314294,0.23977188726560894,False,False
RKLB250321C00023500,2025-03-11 19:30:37+00:00,23.5,0.11,0.09,0.12,0.019999996,22.222216,71.0,247,1.0468797656250002,False,REGULAR,USD,RKLB,2025-03-21,call,23.5,9,0.09,85244.51808450956,0.18570179831767186,False,False
RKLB250321C00024000,2025-03-11 19:08:30+00:00,24.0,0.09,0.07,0.12,0.0,0.0,133.0,627,1.0859420703125,False,REGULAR,USD,RKLB,2025-03-21,call,24.0,9,0.07,192947.83318382283,0.14759014731447861,False,False
RKLB250321C00024500,2025-03-11 18:23:27+00:00,24.5,0.07,0.06,0.11,-0.030000001,-30.0,101.0,262,1.1171919140625,False,REGULAR,USD,RKLB,2025-03-21,call,24.5,9,0.06,436904.4783017534,0.12788740612378935,False,False
RKLB250321C00025000,2025-03-11 19:07:52+00:00,25.0,0.06,0.05,0.08,0.0,0.0,317.0,2865,1.109379453125,False,REGULAR,USD,RKLB,2025-03-21,call,25.0,9,0.05,973465.2467305452,0.1077407344011958,False,False
RKLB250321C00025500,2025-03-10 17:11:33+00:00,25.5,0.06,0.04,0.07,0.0,0.0,6.0,453,1.125004375,False,REGULAR,USD,RKLB,2025-03-21,call,25.5,9,0.04,2135570.2269079713,0.08714038817459002,False,False
RKLB250321C00026000,2025-03-11 19:44:53+00:00,26.0,0.05,0.04,0.05,0.0,0.0,109.0,2223,1.1328168359375002,False,REGULAR,USD,RKLB,2025-03-21,call,26.0,9,0.04,4688077.263283108,0.08714038817459002,False,False
RKLB250328C00017000,2025-03-11 19:03:45+00:00,17.0,1.94,1.92,2.3,0.37,23.566877,22.0,21,1.0800827246093752,True,REGULAR,USD,RKLB,2025-03-28,call,17.0,16,1.92,2.8868987606975076,0.9260133426159813,False,False
RKLB250328C00018000,2025-03-11 19:14:08+00:00,18.0,1.46,1.24,1.55,0.23000002,18.699188,117.0,160,0.9335944140625,False,REGULAR,USD,RKLB,2025-03-28,call,18.0,16,1.24,4.6903214313450015,0.8074332290822168,False,False
RKLB250328C00019000,2025-03-11 16:56:39+00:00,19.0,0.87,0.95,1.48,0.16000003,22.535215,113.0,262,1.0683640332031252,False,REGULAR,USD,RKLB,2025-03-28,call,19.0,16,0.87,10.857558636731861,0.6812042044282186,False,False
RKLB250328C00020000,2025-03-11 18:56:41+00:00,20.0,0.76,0.68,0.85,0.15999997,26.666658,501.0,797,0.9726565234375,False,REGULAR,USD,RKLB,2025-03-28,call,20.0,16,0.68,28.48948234445099,0.588770424750684,False,False
RKLB250328C00021000,2025-03-11 19:57:29+00:00,21.0,0.54,0.51,0.64,0.16000003,42.10527,149.0,347,1.000005,False,REGULAR,USD,RKLB,2025-03-28,call,21.0,16,0.51,71.3391807648561,0.4847931043339523,False,False
RKLB250328C00022000,2025-03-11 19:52:14+00:00,22.0,0.4,0.36,0.43,0.050000012,14.285717,188.0,400,0.992187578125,False,REGULAR,USD,RKLB,2025-03-28,call,22.0,16,0.36,174.06926872412888,0.3725695844596534,False,False
RKLB250328C00023000,2025-03-11 18:10:25+00:00,23.0,0.27,0.25,0.36,0.030000016,12.500008,190.0,642,1.0273486132812502,False,REGULAR,USD,RKLB,2025-03-28,call,23.0,16,0.25,425.3998546216205,0.275796641545653,False,False
RKLB250328C00024000,2025-03-11 19:04:23+00:00,24.0,0.22,0.19,0.23,0.060000002,37.5,45.0,406,1.0234423828125,False,REGULAR,USD,RKLB,2025-03-28,call,24.0,16,0.19,1052.0213473372578,0.21715599054091206,False,False
RKLB250328C00025000,2025-03-11 19:44:12+00:00,25.0,0.15,0.15,0.24,0.030000009,25.000008,114.0,959,1.0996138769531252,False,REGULAR,USD,RKLB,2025-03-28,call,25.0,16,0.15,2557.49508237112,0.1755688053362663,False,False
RKLB250328C00026000,2025-03-11 17:28:17+00:00,26.0,0.13,0.11,0.15,0.029999994,29.999992,11.0,559,1.0859420703125,False,REGULAR,USD,RKLB,2025-03-28,call,26.0,16,0.11,6011.964110072458,0.13187410417103984,False,False
RKLB250328C00027000,2025-03-11 18:24:19+00:00,27.0,0.1,0.09,0.12,-0.019999996,-16.666662,27.0,557,1.1171919140625,False,REGULAR,USD,RKLB,2025-03-28,call,27.0,16,0.09,13934.485097449528,0.10920484250202,False,False
RKLB250328C00028000,2025-03-11 15:39:37+00:00,28.0,0.1,0.07,0.1,0.009999998,11.111108,106.0,401,1.140629296875,False,REGULAR,USD,RKLB,2025-03-28,call,28.0,16,0.07,31345.03239089123,0.08597021587410081,False,False
RKLB250404C00016000,2025-03-11 17:33:33+00:00,16.0,2.54,2.65,2.89,0.22000003,9.48276,2.0,16,0.96679720703125,True,REGULAR,USD,RKLB,2025-04-04,call,16.0,23,2.54,0.8683503946114659,0.913309740472964,False,False
RKLB250404C00017000,2025-03-11 19:47:24+00:00,17.0,2.25,2.2,2.31,0.39999998,21.62162,1624.0,54,0.99804689453125,True,REGULAR,USD,RKLB,2025-04-04,call,17.0,23,2.2,2.2520604384455174,0.8769784720233094,False,False
RKLB250404C00018000,2025-03-11 19:48:55+00:00,18.0,1.74,0.91,1.84,0.27999997,19.17808,85.0,82,0.7812521875,False,REGULAR,USD,RKLB,2025-04-04,call,18.0,23,0.91,1.5476063726368507,0.5654552804497682,False,False
RKLB250404C00019000,2025-03-11 15:39:30+00:00,19.0,1.2,1.26,1.39,0.28000003,30.434786,17.0,212,0.965820654296875,False,REGULAR,USD,RKLB,2025-04-04,call,19.0,23,1.2,6.263466531016321,0.6699569449689562,False,False
RKLB250404C00020000,2025-03-11 19:34:31+00:00,20.0,1.0,0.94,1.2,0.19999999,24.999998,45.0,1282,1.000005,False,REGULAR,USD,RKLB,2025-04-04,call,20.0,23,0.94,11.84882033393726,0.5775534842684457,False,False
RKLB250404C00021000,2025-03-11 19:45:27+00:00,21.0,0.74,0.7,0.86,0.23000002,45.098045,51.0,271,0.9785158398437501,False,REGULAR,USD,RKLB,2025-04-04,call,21.0,23,0.7,21.6129498206727,0.47122836600600615,False,False
RKLB250404C00022000,2025-03-11 18:23:15+00:00,22.0,0.6,0.56,0.61,0.18000004,42.857155,34.0,246,0.9785158398437501,False,REGULAR,USD,RKLB,2025-04-04,call,22.0,23,0.56,40.88886081734972,0.3981190823686829,False,False
RKLB250404C00023000,2025-03-11 18:10:35+00:00,23.0,0.45,0.44,0.48,0.060000002,15.384616,69.0,263,0.99804689453125,False,REGULAR,USD,RKLB,2025-04-04,call,23.0,23,0.44,75.86416495901052,0.3280209317046229,False,False
RKLB250404C00024000,2025-03-11 17:01:44+00:00,24.0,0.35,0.34,0.38,0.07999998,29.629622,30.0,323,1.013676806640625,False,REGULAR,USD,RKLB,2025-04-04,call,24.0,23,0.34,138.73821032876953,0.26383603515242604,False,False
RKLB250404C00025000,2025-03-11 16:56:06+00:00,25.0,0.3,0.27,0.3,0.110000014,57.89475,32.0,402,1.0312548437500002,False,REGULAR,USD,RKLB,2025-04-04,call,25.0,23,0.27,252.33183576429155,0.21553633582010034,False,False
RKLB250404C00026000,2025-03-11 17:17:27+00:00,26.0,0.2,0.13,0.25,0.0,0.0,16.0,255,1.0039112304687499,False,REGULAR,USD,RKLB,2025-04-04,call,26.0,23,0.13,429.76789124454615,0.10989745446444987,False,False
RKLB250404C00027000,2025-03-11 17:21:04+00:00,27.0,0.2,0.17,0.21,0.049999997,33.33333,120.0,488,1.0742233789062503,False,REGULAR,USD,RKLB,2025-04-04,call,27.0,23,0.17,799.3094471524226,0.14136573201199243,False,False
RKLB250404C00028000,2025-03-11 14:25:25+00:00,28.0,0.16,0.14,0.18,0.049999997,45.45454,3.0,290,1.0996138769531252,False,REGULAR,USD,RKLB,2025-04-04,call,28.0,23,0.14,1395.3691840782453,0.11786427797744747,False,False
RKLB250404C00029000,2025-03-10 19:34:00+00:00,29.0,0.14,0.12,0.15,0.020000003,16.66667,1.0,106,1.12109814453125,False,REGULAR,USD,RKLB,2025-04-04,call,29.0,23,0.12,2402.9360929643676,0.10186325245145544,False,False
RKLB250404C00030000,2025-03-11 16:55:47+00:00,30.0,0.11,0.1,0.13,0.019999996,22.222216,55.0,335,1.1445355273437499,False,REGULAR,USD,RKLB,2025-04-04,call,30.0,23,0.1,4063.7728502617506,0.08559058415705934,False,False
RKLB250411C00016000,2025-03-10 17:24:57+00:00,16.0,2.37,2.67,3.2,0.0,0.0,2.0,8,0.945313046875,True,REGULAR,USD,RKLB,2025-04-11,call,16.0,30,2.37,0.4449541089980673,0.8247096293701819,False,False
RKLB250411C00018000,2025-03-11 15:31:02+00:00,18.0,1.97,1.85,2.06,0.53,36.80555,14.0,12,0.96679720703125,False,REGULAR,USD,RKLB,2025-04-11,call,18.0,30,1.85,2.7039749825466957,0.7374569123629231,False,False
RKLB250411C00019000,2025-03-11 17:44:44+00:00,19.0,1.37,1.36,1.73,0.01999998,1.48148,1.0,15,0.9589847851562499,False,REGULAR,USD,RKLB,2025-04-11,call,19.0,30,1.36,4.038033992839141,0.6203747088375304,False,False
RKLB250411C00020000,2025-03-11 19:58:55+00:00,20.0,1.18,1.04,1.22,0.22999996,24.210522,15.0,272,0.914063359375,False,REGULAR,USD,RKLB,2025-04-11,call,20.0,30,1.04,6.508589683078715,0.5198408100828336,False,False
RKLB250411C00021000,2025-03-11 19:06:25+00:00,21.0,0.99,0.68,1.05,0.07999998,8.791206,41.0,37,0.9101571484375,False,REGULAR,USD,RKLB,2025-04-11,call,21.0,30,0.68,9.803927279794301,0.37789695134068113,False,False
RKLB250411C00022000,2025-03-11 15:42:50+00:00,22.0,0.85,0.66,1.3,0.33000004,63.461548,18.0,55,1.087895185546875,False,REGULAR,USD,RKLB,2025-04-11,call,22.0,30,0.66,17.49912094277792,0.3689824992036226,False,False
RKLB250411C00023000,2025-03-11 19:59:19+00:00,23.0,0.58,0.56,0.81,0.089999974,18.36734,15.0,70,1.0253954980468751,False,REGULAR,USD,RKLB,2025-04-11,call,23.0,30,0.56,28.707321746793504,0.3226254873830703,False,False
RKLB250411C00024000,2025-03-11 15:08:00+00:00,24.0,0.5,0.35,0.55,0.099999994,24.999998,12.0,76,0.96289099609375,False,REGULAR,USD,RKLB,2025-04-11,call,24.0,30,0.35,43.358275093851844,0.21493716677908958,False,False
RKLB250411C00025000,2025-03-11 15:45:37+00:00,25.0,0.43,0.35,0.44,0.110000014,34.375008,33.0,139,1.001958115234375,False,REGULAR,USD,RKLB,2025-04-11,call,25.0,30,0.35,71.38125691978833,0.21493716677908958,False,False
RKLB250411C00026000,2025-03-11 18:44:51+00:00,26.0,0.32,0.25,0.52,0.08999999,39.13043,11.0,15,1.0683640332031252,False,REGULAR,USD,RKLB,2025-04-11,call,26.0,30,0.25,109.63547540400101,0.15832267142527123,False,False
RKLB250411C00027000,2025-03-11 17:19:35+00:00,27.0,0.23,0.13,0.38,0.030000001,15.0,9.0,33,1.01953615234375,False,REGULAR,USD,RKLB,2025-04-11,call,27.0,30,0.13,164.21377523185848,0.08544865741414709,False,False
RKLB250411C00028000,2025-03-11 18:25:45+00:00,28.0,0.24,0.18,0.28,0.019999996,9.090907,4.0,36,1.0546922265625,False,REGULAR,USD,RKLB,2025-04-11,call,28.0,30,0.18,261.25051663063255,0.11648899146898684,False,False
RKLB250417C00001000,2025-01-30 14:33:10+00:00,1.0,28.6,17.3,19.8,0.0,0.0,5.0,12,0.0,True,REGULAR,USD,RKLB,2025-04-17,call,1.0,36,17.3,0.35104915237948475,0.9999999999999999,False,False
RKLB250417C00003000,2024-12-26 16:13:40+00:00,3.0,24.65,25.9,28.55,0.0,0.0,1.0,66,0.0,True,REGULAR,USD,RKLB,2025-04-17,call,3.0,36,24.65,87.530064370624,1.0,False,True
RKLB250417C00015000,2025-03-11 15:37:21+00:00,15.0,3.85,3.55,3.8,0.6999998,22.222218,33.0,3505,0.9238288867187501,True,REGULAR,USD,RKLB,2025-04-17,call,15.0,36,3.55,0.505145330470552,0.8957366172770002,False,False
RKLB250417C00016000,2025-03-11 14:08:22+00:00,16.0,2.88,3.05,3.15,0.45000005,18.51852,8.0,688,0.9492192578124999,True,REGULAR,USD,RKLB,2025-04-17,call,16.0,36,2.88,0.7970515450083944,0.833665184956834,False,False
RKLB250417C00017000,2025-03-11 19:56:47+00:00,17.0,2.56,2.32,2.69,0.49,23.6715,30.0,4584,0.9238288867187501,True,REGULAR,USD,RKLB,2025-04-17,call,17.0,36,2.32,1.2669804984411908,0.7580961745988394,False,False
RKLB250417C00018000,2025-03-11 19:40:54+00:00,18.0,2.05,1.84,2.28,0.4699999,29.74683,72.0,651,0.9335944140625,False,REGULAR,USD,RKLB,2025-04-17,call,18.0,36,1.84,1.9643456750615589,0.6700584076414688,False,False
RKLB250417C00019000,2025-03-11 19:51:47+00:00,19.0,1.67,1.62,1.71,0.28999996,21.01449,147.0,447,0.9321295849609376,False,REGULAR,USD,RKLB,2025-04-17,call,19.0,36,1.62,3.380088361903409,0.6208027288039784,False,False
RKLB250417C00020000,2025-03-11 18:55:01+00:00,20.0,1.4,1.21,1.38,0.26,22.807018,853.0,1693,0.913086806640625,False,REGULAR,USD,RKLB,2025-04-17,call,20.0,36,1.21,4.825557774406442,0.5109929078381673,False,False
RKLB250417C00021000,2025-03-11 19:07:53+00:00,21.0,1.15,0.86,1.15,0.26999998,30.681816,134.0,1775,0.9023447265625,False,REGULAR,USD,RKLB,2025-04-17,call,21.0,36,0.86,6.9058946873788685,0.39541391303651874,False,False
RKLB250417C00022000,2025-03-11 18:29:54+00:00,22.0,0.91,0.85,0.91,0.23000002,33.823532,338.0,1170,0.948242705078125,False,REGULAR,USD,RKLB,2025-04-17,call,22.0,36,0.85,11.386443129418687,0.39177722161371964,False,False
RKLB250417C00023000,2025-03-11 16:06:09+00:00,23.0,0.63,0.43,0.78,0.050000012,8.620691,99.0,2552,0.8955088574218748,False,REGULAR,USD,RKLB,2025-04-17,call,23.0,36,0.43,14.958710765233452,0.22001767175386433,False,False
RKLB250417C00024000,2025-03-11 18:52:18+00:00,24.0,0.6,0.52,0.62,0.18000004,42.857155,163.0,2992,0.9589847851562499,False,REGULAR,USD,RKLB,2025-04-17,call,24.0,36,0.52,24.30877314411241,0.26012352188764265,False,False
RKLB250417C00025000,2025-03-11 19:30:34+00:00,25.0,0.47,0.46,0.52,0.06999999,17.499998,338.0,5088,0.98437515625,False,REGULAR,USD,RKLB,2025-04-17,call,25.0,36,0.46,36.05663735691783,0.23359881008041028,False,False
RKLB250417C00026000,2025-03-11 16:41:41+00:00,26.0,0.38,0.38,0.55,0.060000002,18.75,9.0,1926,1.0371141894531253,False,REGULAR,USD,RKLB,2025-04-17,call,26.0,36,0.38,52.10171981964571,0.19689970035213555,False,False
RKLB250417C00027000,2025-03-11 19:38:57+00:00,27.0,0.33,0.32,0.36,0.050000012,17.857145,92.0,1995,1.0087940185546875,False,REGULAR,USD,RKLB,2025-04-17,call,27.0,36,0.32,74.72401255435112,0.16834397635117881,False,False
RKLB250417C00028000,2025-03-11 17:24:07+00:00,28.0,0.29,0.27,0.3,0.049999997,20.833332,88.0,2019,1.0205127099609377,False,REGULAR,USD,RKLB,2025-04-17,call,28.0,36,0.27,106.08032347033023,0.14385194733687368,False,False
RKLB250417C00030000,2025-03-11 19:59:38+00:00,30.0,0.21,0.2,0.23,0.019999996,10.526314,112.0,11496,1.056645341796875,False,REGULAR,USD,RKLB,2025-04-17,call,30.0,36,0.2,208.14839550552128,0.10847061890098475,False,False
RKLB250417C00032000,2025-03-11 18:47:35+00:00,32.0,0.16,0.15,0.18,0.04,33.333336,48.0,1796,1.087895185546875,False,REGULAR,USD,RKLB,2025-04-17,call,32.0,36,0.15,393.39886416222777,0.08239708575769067,False,False
RKLB250425C00017000,2025-03-11 19:25:52+00:00,17.0,2.75,2.53,2.79,0.53999996,24.434387,44.0,11,0.90429783203125,True,REGULAR,USD,RKLB,2025-04-25,call,17.0,44,2.53,1.1394583056970276,0.7208353552705917,False,False
RKLB250425C00018000,2025-03-11 19:56:49+00:00,18.0,2.18,2.13,2.37,0.2600001,13.541673,142.0,81,0.9238288867187501,False,REGULAR,USD,RKLB,2025-04-25,call,18.0,44,2.13,1.7473490355154557,0.6537857019370912,False,False
RKLB250425C00019000,2025-03-11 13:37:44+00:00,19.0,1.61,1.66,2.05,0.62,62.626263,5.0,73,0.922852333984375,False,REGULAR,USD,RKLB,2025-04-25,call,19.0,44,1.61,2.336865277129343,0.5456844619467167,False,False
RKLB250425C00020000,2025-03-11 18:37:50+00:00,20.0,1.51,1.18,1.92,0.26,20.8,33.0,30,0.9331061376953125,False,REGULAR,USD,RKLB,2025-04-25,call,20.0,44,1.18,3.180618269088872,0.4349238673341118,False,False
RKLB250425C00021000,2025-03-11 17:28:48+00:00,21.0,1.06,1.15,1.8,0.109999955,11.578942,29.0,5,1.017583037109375,False,REGULAR,USD,RKLB,2025-04-25,call,21.0,44,1.06,4.858273558798973,0.4000571160535128,False,False
RKLB250425C00022000,2025-03-11 18:50:56+00:00,22.0,1.02,0.93,1.08,0.01999998,1.9999981,33.0,39,0.9179695703125,False,REGULAR,USD,RKLB,2025-04-25,call,22.0,44,0.93,7.072226311357394,0.36016267966830773,False,False
RKLB250425C00023000,2025-03-11 19:38:40+00:00,23.0,0.81,0.78,0.85,0.23000002,39.655178,40.0,25,0.918946123046875,False,REGULAR,USD,RKLB,2025-04-25,call,23.0,44,0.78,9.914246341934804,0.31124721267623046,False,False
RKLB250425C00025000,2025-03-11 19:59:10+00:00,25.0,0.62,0.51,0.61,0.110000014,21.568632,53.0,188,0.9355475195312499,False,REGULAR,USD,RKLB,2025-04-25,call,25.0,44,0.51,18.53326805789536,0.21486231034869818,False,False
RKLB250620C00001000,2025-01-16 20:49:55+00:00,1.0,23.9,25.55,29.0,0.0,0.0,,1,0.0,True,REGULAR,USD,RKLB,2025-06-20,call,1.0,100,23.9,2.513807833098442,1.0,False,False
RKLB250620C00002000,2024-12-05 14:36:50+00:00,2.0,21.4,25.8,27.25,0.0,0.0,1.0,3,0.0,True,REGULAR,USD,RKLB,2025-06-20,call,2.0,100,21.4,1.7958902148627116,1.0,False,False
RKLB250620C00004000,2024-12-31 20:20:40+00:00,4.0,21.61,25.35,26.65,0.0,0.0,2.0,5,0.0,True,REGULAR,USD,RKLB,2025-06-20,call,4.0,100,21.61,2.875944201832691,1.0,False,False
RKLB250620C00010000,2025-03-07 15:49:12+00:00,10.0,8.95,8.0,9.45,0.0,0.0,12.0,1218,1.2490271923828122,True,REGULAR,USD,RKLB,2025-06-20,call,10.0,100,8.0,0.05350166429797931,0.8898158247310359,False,False
RKLB250620C00011000,2025-03-10 17:56:45+00:00,11.0,7.7,7.1,7.75,1.1999998,18.461536,5.0,270,0.937500625,True,REGULAR,USD,RKLB,2025-06-20,call,11.0,100,7.1,0.07282237311363549,0.8473790285991684,False,False
RKLB250620C00013000,2025-03-10 18:11:26+00:00,13.0,5.2,5.85,6.7,0.0,0.0,185.0,503,1.0410204199218753,True,REGULAR,USD,RKLB,2025-06-20,call,13.0,100,5.2,0.09004278302842184,0.7205183178809831,False,False
RKLB250620C00014000,2025-03-10 18:48:52+00:00,14.0,4.8,5.05,5.95,0.0,0.0,3.0,422,0.9775392871093751,True,REGULAR,USD,RKLB,2025-06-20,call,14.0,100,4.8,0.2255756452723725,0.6862934841391896,False,False
RKLB250620C00015000,2025-03-11 13:35:47+00:00,15.0,4.65,4.8,4.95,0.24000025,5.4421825,44.0,663,0.956055126953125,True,REGULAR,USD,RKLB,2025-06-20,call,15.0,100,4.65,0.4391904938821898,0.672707985314519,False,False
RKLB250620C00016000,2025-03-11 16:08:13+00:00,16.0,4.25,4.25,4.45,0.5999999,16.438354,8.0,145,0.9516606396484374,True,REGULAR,USD,RKLB,2025-06-20,call,16.0,100,4.25,0.6044975580222607,0.6343941185984558,False,False
RKLB250620C00017000,2025-03-11 15:44:40+00:00,17.0,3.95,3.8,3.95,0.6500001,19.696972,158.0,748,0.9477544287109375,True,REGULAR,USD,RKLB,2025-06-20,call,17.0,100,3.8,0.7674792852254286,0.5875104308093232,False,False
RKLB250620C00018000,2025-03-11 15:59:25+00:00,18.0,3.34,3.35,3.5,0.4599998,15.972215,63.0,1023,0.938477177734375,False,REGULAR,USD,RKLB,2025-06-20,call,18.0,100,3.34,0.9388101275806036,0.5352227521353885,False,False
RKLB250620C00019000,2025-03-11 19:25:52+00:00,19.0,3.0,2.78,3.15,0.49,19.521912,4.0,199,0.9150399121093751,False,REGULAR,USD,RKLB,2025-06-20,call,19.0,100,2.78,1.0863789999390074,0.46526410532066786,False,False
RKLB250620C00020000,2025-03-11 17:24:16+00:00,20.0,2.68,2.63,2.84,0.26999998,11.203319,138.0,4034,0.9433599414062499,False,REGULAR,USD,RKLB,2025-06-20,call,20.0,100,2.63,1.3981990255748764,0.4452966202089772,False,False
RKLB250620C00021000,2025-03-11 17:38:26+00:00,21.0,2.1,2.33,2.57,0.089999914,4.4776077,19.0,1081,0.9467778759765625,False,REGULAR,USD,RKLB,2025-06-20,call,21.0,100,2.1,1.5824825855048084,0.3703930362939378,False,False
RKLB250620C00022000,2025-03-11 19:58:21+00:00,22.0,2.23,1.98,2.29,0.53999996,31.95266,170.0,565,0.9335944140625,False,REGULAR,USD,RKLB,2025-06-20,call,22.0,100,1.98,1.959105725767878,0.3524643591542128,False,False
RKLB250620C00023000,2025-03-11 13:56:13+00:00,23.0,1.77,1.74,2.08,0.09000003,5.3571453,20.0,1036,0.936524072265625,False,REGULAR,USD,RKLB,2025-06-20,call,23.0,100,1.74,2.314442381173936,0.31549893445305144,False,False
RKLB250620C00024000,2025-03-11 17:47:02+00:00,24.0,1.57,1.57,1.73,0.13,9.027778,38.0,1048,0.922852333984375,False,REGULAR,USD,RKLB,2025-06-20,call,24.0,100,1.57,2.7373683245265825,0.2884045365188165,False,False
RKLB250620C00025000,2025-03-11 19:48:05+00:00,25.0,1.52,1.24,1.5,0.15999997,11.764703,127.0,2905,0.8945323046874999,False,REGULAR,USD,RKLB,2025-06-20,call,25.0,100,1.24,3.1051085836942,0.23359842742933945,False,False
RKLB250620C00026000,2025-03-11 17:47:02+00:00,26.0,1.27,1.26,1.37,0.16999996,15.454541,30.0,345,0.9272468212890624,False,REGULAR,USD,RKLB,2025-06-20,call,26.0,100,1.26,3.7180041378928106,0.23700445753155142,False,False
RKLB250620C00027000,2025-03-11 19:27:38+00:00,27.0,1.2,0.71,1.33,0.110000014,10.091744,36.0,3835,0.8789074609374999,False,REGULAR,USD,RKLB,2025-06-20,call,27.0,100,0.71,4.004488007944178,0.13925214665463048,False,False
RKLB250620C00028000,2025-03-11 15:29:46+00:00,28.0,1.15,1.06,1.13,0.19,19.791668,34.0,745,0.9458013232421875,False,REGULAR,USD,RKLB,2025-06-20,call,28.0,100,1.06,4.9559510540532035,0.2024453429478016,False,False
RKLB250620C00029000,2025-03-11 15:17:09+00:00,29.0,0.99,0.96,1.02,0.07999998,8.791206,10.0,606,0.9501958105468749,False,REGULAR,USD,RKLB,2025-06-20,call,29.0,100,0.96,5.656161483051921,0.1847462082049015,False,False
RKLB250620C00030000,2025-03-11 17:53:29+00:00,30.0,0.91,0.87,0.93,0.09000003,10.975615,19.0,4058,0.95507857421875,False,REGULAR,USD,RKLB,2025-06-20,call,30.0,100,0.87,6.423160696687127,0.16857472061572387,False,False
RKLB250620C00031000,2025-03-11 15:02:24+00:00,31.0,0.79,0.62,0.99,0.04000002,5.333336,41.0,406,0.95507857421875,False,REGULAR,USD,RKLB,2025-06-20,call,31.0,100,0.62,7.1001706034723036,0.1224321398539262,False,False
RKLB250620C00032000,2025-03-11 18:31:40+00:00,32.0,0.76,0.73,0.79,0.06999999,10.144926,11.0,936,0.9707034179687499,False,REGULAR,USD,RKLB,2025-06-20,call,32.0,100,0.73,8.188242154935853,0.14295789941486925,False,False
RKLB250620C00033000,2025-03-11 19:08:03+00:00,33.0,0.73,0.48,0.72,0.120000005,19.67213,35.0,1997,0.9355475195312499,False,REGULAR,USD,RKLB,2025-06-20,call,33.0,100,0.48,8.977230313288306,0.09579512344949026,False,False
RKLB250620C00034000,2025-03-10 19:34:26+00:00,34.0,0.59,0.62,0.73,-0.050000012,-7.8125014,2.0,662,0.9965820654296875,False,REGULAR,USD,RKLB,2025-06-20,call,34.0,100,0.59,10.23981678539806,0.1167728256185997,False,False
RKLB250620C00035000,2025-03-11 15:16:38+00:00,35.0,0.52,0.58,0.73,0.01999998,3.9999962,21.0,3482,1.0166064794921876,False,REGULAR,USD,RKLB,2025-06-20,call,35.0,100,0.52,11.38153769883085,0.10346476321445308,False,False
RKLB250620C00036000,2025-03-11 19:39:46+00:00,36.0,0.58,0.52,0.61,0.07999998,15.999996,27.0,275,1.0029346728515625,False,REGULAR,USD,RKLB,2025-06-20,call,36.0,100,0.52,12.701835000759116,0.10346476321445308,False,False
RKLB250620C00039000,2025-03-07 14:53:42+00:00,39.0,0.58,0.4,0.6,0.0,0.0,6.0,376,1.0449266503906252,False,REGULAR,USD,RKLB,2025-06-20,call,39.0,100,0.4,17.073100518528886,0.08031308675002213,False,False
RKLB250718C00007000,2025-01-22 17:31:23+00:00,7.0,22.1,16.8,17.15,0.0,0.0,1.0,66,5.898440126953126,True,REGULAR,USD,RKLB,2025-07-18,call,7.0,128,16.8,1.3426466621939053,0.9998581643005673,False,False
RKLB250718C00010000,2025-03-11 14:19:18+00:00,10.0,8.45,8.4,8.6,-2.5200005,-22.971745,2.0,111,0.992187578125,True,REGULAR,USD,RKLB,2025-07-18,call,10.0,128,8.4,0.11371992921758811,0.843046125520013,False,False
RKLB250718C00011000,2025-01-28 14:36:11+00:00,11.0,19.15,9.95,10.5,0.0,0.0,10.0,8,1.953125234375,True,REGULAR,USD,RKLB,2025-07-18,call,11.0,128,9.95,0.613695614451705,0.9073348854040781,False,False
RKLB250718C00012000,2025-02-27 20:47:04+00:00,12.0,7.1,6.9,7.6,-2.2000003,-23.655916,2.0,263,1.0468797656250002,True,REGULAR,USD,RKLB,2025-07-18,call,12.0,128,6.9,0.19789864403861435,0.7584098765518243,False,False
RKLB250718C00013000,2025-03-10 14:57:01+00:00,13.0,6.02,5.4,7.45,0.0,0.0,1.0,19,0.9726565234375,True,REGULAR,USD,RKLB,2025-07-18,call,13.0,128,5.4,0.10660868935040413,0.6486474549672516,False,False
RKLB250718C00014000,2025-03-10 19:21:46+00:00,14.0,4.95,5.65,5.8,0.0,0.0,2.0,169,0.9345709667968749,True,REGULAR,USD,RKLB,2025-07-18,call,14.0,128,4.95,0.20203821655582832,0.6103728859867603,False,False
RKLB250718C00015000,2025-03-10 15:43:53+00:00,15.0,5.1,4.2,6.6,0.0,0.0,6.0,273,0.9941406835937501,True,REGULAR,USD,RKLB,2025-07-18,call,15.0,128,4.2,0.24572886234719116,0.5407456311094336,False,False
RKLB250718C00016000,2025-03-11 19:52:50+00:00,16.0,4.69,4.1,4.9,0.77,19.642857,3.0,152,0.8823253955078124,True,REGULAR,USD,RKLB,2025-07-18,call,16.0,128,4.1,0.4187383057921492,0.5308948541457137,False,False
RKLB250718C00017000,2025-03-11 14:31:15+00:00,17.0,3.95,4.15,4.3,0.25,6.756757,141.0,51,0.9272468212890624,True,REGULAR,USD,RKLB,2025-07-18,call,17.0,128,3.95,0.595629623669178,0.5158630925760047,False,False
RKLB250718C00018000,2025-03-11 14:19:00+00:00,18.0,3.97,3.3,3.85,0.49,14.08046,88.0,320,0.8676771044921875,False,REGULAR,USD,RKLB,2025-07-18,call,18.0,128,3.3,0.6706118955506988,0.44711428034065515,False,False
RKLB250718C00019000,2025-03-11 14:36:55+00:00,19.0,3.4,3.35,3.5,0.5500002,19.298252,18.0,196,0.91992267578125,False,REGULAR,USD,RKLB,2025-07-18,call,19.0,128,3.35,0.91593610831551,0.45261419735467723,False,False
RKLB250718C00020000,2025-03-11 18:16:10+00:00,20.0,3.0,3.0,3.15,0.3800001,14.503821,45.0,1506,0.9155281884765626,False,REGULAR,USD,RKLB,2025-07-18,call,20.0,128,3.0,1.0775469963754287,0.41336017635741185,False,False
RKLB250718C00021000,2025-03-11 15:14:33+00:00,21.0,2.74,2.53,2.87,-0.55999994,-16.969694,19.0,221,0.8974619628906249,False,REGULAR,USD,RKLB,2025-07-18,call,21.0,128,2.53,1.2149919406824305,0.35783583080391046,False,False
RKLB250718C00022000,2025-03-11 17:37:05+00:00,22.0,2.48,2.42,2.92,0.4100001,19.806768,25.0,3109,0.954102021484375,False,REGULAR,USD,RKLB,2025-07-18,call,22.0,128,2.42,1.46153333125518,0.3443669091179602,False,False
RKLB250718C00023000,2025-03-10 18:38:35+00:00,23.0,1.95,2.03,2.74,0.0,0.0,4.0,317,0.9443364941406249,False,REGULAR,USD,RKLB,2025-07-18,call,23.0,128,1.95,1.6147939939508857,0.28475286459751803,False,False
RKLB250718C00024000,2025-03-11 15:22:54+00:00,24.0,2.08,1.95,2.1,0.32999992,18.857138,4.0,307,0.9101571484375,False,REGULAR,USD,RKLB,2025-07-18,call,24.0,128,1.95,1.9245089834069642,0.28475286459751803,False,False
RKLB250718C00025000,2025-03-11 16:52:47+00:00,25.0,1.81,1.66,1.91,0.26,16.774195,61.0,440,0.8994150683593749,False,REGULAR,USD,RKLB,2025-07-18,call,25.0,128,1.66,2.1568978610145533,0.24627321279962489,False,False
RKLB250718C00026000,2025-03-10 14:02:01+00:00,26.0,1.74,1.18,1.79,0.09000003,5.454548,3.0,289,0.8667005517578125,False,REGULAR,USD,RKLB,2025-07-18,call,26.0,128,1.18,2.3331900951267883,0.1796736144061093,False,False
RKLB250718C00027000,2025-03-10 19:54:58+00:00,27.0,1.56,1.51,1.66,0.17999995,13.043474,1.0,288,0.9340826904296875,False,REGULAR,USD,RKLB,2025-07-18,call,27.0,128,1.51,2.821090352899296,0.2258534980125062,False,False
RKLB250718C00028000,2025-03-10 14:57:57+00:00,28.0,1.34,1.37,1.49,0.0,0.0,1.0,420,0.93164130859375,False,REGULAR,USD,RKLB,2025-07-18,call,28.0,128,1.34,3.1457302055476477,0.20228083978557976,False,False
RKLB250718C00029000,2025-03-10 16:17:35+00:00,29.0,1.18,1.21,1.49,-0.03000009,-2.4793463,6.0,667,0.9458013232421875,False,REGULAR,USD,RKLB,2025-07-18,call,29.0,128,1.18,3.4920650560871627,0.1796736144061093,False,False
RKLB250718C00030000,2025-03-11 19:48:05+00:00,30.0,1.2,1.15,1.3,0.20000005,20.000004,12.0,3119,0.9448247705078124,False,REGULAR,USD,RKLB,2025-07-18,call,30.0,128,1.15,3.915704280154798,0.17538900389802559,False,False
RKLB250718C00031000,2025-03-10 14:28:06+00:00,31.0,1.0,1.06,1.35,0.0,0.0,7.0,97,0.9707034179687499,False,REGULAR,USD,RKLB,2025-07-18,call,31.0,128,1.0,4.306752603891397,0.15374793591177027,False,False
RKLB250718C00032000,2025-03-11 15:49:32+00:00,32.0,1.12,0.98,1.2,0.25,28.735632,41.0,870,0.96679720703125,False,REGULAR,USD,RKLB,2025-07-18,call,32.0,128,0.98,4.783089498197481,0.15083491181683217,False,False
RKLB250718C00033000,2025-03-10 18:59:12+00:00,33.0,0.82,0.92,1.04,0.0,0.0,2.0,247,0.9609378906249999,False,REGULAR,USD,RKLB,2025-07-18,call,33.0,128,0.82,5.2117451595061635,0.1272960475731817,False,False
RKLB250718C00034000,2025-03-03 20:47:41+00:00,34.0,0.8,0.7,1.17,-0.32,-28.571428,2.0,2579,0.973633076171875,False,REGULAR,USD,RKLB,2025-07-18,call,34.0,128,0.7,5.682753758810316,0.1093667167160951,False,False
RKLB250718C00035000,2025-03-11 14:30:04+00:00,35.0,0.79,0.51,0.92,0.110000014,16.176474,5.0,1399,0.922852333984375,False,REGULAR,USD,RKLB,2025-07-18,call,35.0,128,0.51,6.135622944211333,0.08049238213691057,False,False
RKLB250718C00036000,2025-03-11 14:00:12+00:00,36.0,0.73,0.57,0.93,-0.31999993,-30.476185,10.0,451,0.9599613378906249,False,REGULAR,USD,RKLB,2025-07-18,call,36.0,128,0.57,6.76031891589719,0.08967525325779135,False,False
RKLB250718C00037000,2025-03-10 19:56:08+00:00,37.0,0.7,0.58,0.96,0.0,0.0,16.0,126,0.9907227490234375,False,REGULAR,USD,RKLB,2025-07-18,call,37.0,128,0.58,7.387182831081944,0.0911999173079806,False,False
RKLB250718C00038000,2025-03-03 18:02:04+00:00,38.0,1.03,0.53,0.9,0.0,0.0,10.0,47,0.9926758544921875,False,REGULAR,USD,RKLB,2025-07-18,call,38.0,128,0.53,8.005433810440772,0.08355998982243251,False,False
RKLB250718C00039000,2025-03-05 20:02:56+00:00,39.0,1.07,0.51,0.92,0.0,0.0,25.0,86,1.0146533642578124,False,REGULAR,USD,RKLB,2025-07-18,call,39.0,128,0.51,8.67375335493385,0.08049238213691057,False,False
RKLB250919C00004000,2024-12-16 19:13:15+00:00,4.0,21.78,20.95,21.2,0.0,0.0,1.0,1,0.0,True,REGULAR,USD,RKLB,2025-09-19,call,4.0,191,20.95,0.9641597553740251,1.0,False,False
RKLB250919C00010000,2025-03-11 19:11:49+00:00,10.0,8.96,8.55,9.05,1.06,13.417721,3.0,436,0.937500625,True,REGULAR,USD,RKLB,2025-09-19,call,10.0,191,8.55,0.09837165382038315,0.7232889838319625,False,False
RKLB250919C00012000,2025-03-11 14:50:04+00:00,12.0,7.15,7.4,7.7,-1.0499997,-12.804874,5.0,274,0.9487309814453124,True,REGULAR,USD,RKLB,2025-09-19,call,12.0,191,7.15,0.16325474246478655,0.6343642419086472,False,False
RKLB250919C00015000,2025-03-11 13:54:10+00:00,15.0,6.15,5.85,6.05,0.80999994,15.168537,15.0,927,0.9423833886718749,True,REGULAR,USD,RKLB,2025-09-19,call,15.0,191,5.85,0.36356434606066856,0.5412930995857514,False,False
RKLB250919C00016000,2025-03-11 14:40:16+00:00,16.0,5.75,5.4,6.15,-1.1300001,-16.424421,21.0,8,1.001958115234375,True,REGULAR,USD,RKLB,2025-09-19,call,16.0,191,5.4,0.4315328342278151,0.5067413036556595,False,False
RKLB250919C00017000,2025-03-10 19:42:22+00:00,17.0,4.93,4.95,5.15,0.38999987,8.590305,21.0,474,0.9326178613281251,True,REGULAR,USD,RKLB,2025-09-19,call,17.0,191,4.93,0.4984212287231866,0.46937909613793194,False,False
RKLB250919C00018000,2025-03-11 19:54:36+00:00,18.0,4.73,4.6,4.75,0.5,11.820331,1.0,38,0.9333502758789063,False,REGULAR,USD,RKLB,2025-09-19,call,18.0,191,4.6,0.5857907811387477,0.44237009679534633,False,False
RKLB250919C00019000,2025-03-10 17:04:30+00:00,19.0,4.0,4.2,4.4,0.0,0.0,59.0,271,0.92773509765625,False,REGULAR,USD,RKLB,2025-09-19,call,19.0,191,4.0,0.6379424805432397,0.3916280697624154,False,False
RKLB250919C00020000,2025-03-11 15:19:31+00:00,20.0,4.01,3.9,4.05,0.39000034,10.773491,7.0,892,0.9267585449218749,False,REGULAR,USD,RKLB,2025-09-19,call,20.0,191,3.9,0.761858340665662,0.3829664660227132,False,False
RKLB250919C00021000,2025-03-10 13:30:08+00:00,21.0,3.64,3.6,3.75,0.0,0.0,1.0,44,0.9252937158203125,False,REGULAR,USD,RKLB,2025-09-19,call,21.0,191,3.6,0.8605471073498567,0.35663168674474455,False,False
RKLB250919C00022000,2025-03-10 19:14:56+00:00,22.0,2.94,3.35,3.45,0.0,0.0,6.0,264,0.9243171630859376,False,REGULAR,USD,RKLB,2025-09-19,call,22.0,191,2.94,0.9078505396011596,0.2968515291793351,False,False
RKLB250919C00023000,2025-03-10 13:57:56+00:00,23.0,2.96,2.87,3.4,-0.27999997,-8.641974,3.0,131,0.920899228515625,False,REGULAR,USD,RKLB,2025-09-19,call,23.0,191,2.87,1.045549130210087,0.29036284024145786,False,False
RKLB250919C00024000,2025-03-10 19:49:24+00:00,24.0,2.62,2.69,3.1,0.0,0.0,10.0,121,0.9184578466796876,False,REGULAR,USD,RKLB,2025-09-19,call,24.0,191,2.62,1.1593026433950477,0.2669571373692521,False,False
RKLB250919C00025000,2025-03-11 18:11:25+00:00,25.0,2.7,2.02,2.85,0.22000003,8.870969,42.0,1029,0.86914193359375,False,REGULAR,USD,RKLB,2025-09-19,call,25.0,191,2.02,1.219653066834136,0.20930834989276326,False,False
RKLB250919C00026000,2025-03-10 18:45:09+00:00,26.0,2.68,2.5,2.77,0.3800001,16.521744,3.0,60,0.9465337377929688,False,REGULAR,USD,RKLB,2025-09-19,call,26.0,191,2.5,1.459039286799106,0.255593857255054,False,False
RKLB250919C00027000,2025-03-10 19:26:46+00:00,27.0,2.12,2.16,2.44,-0.03000021,-1.3953586,7.0,284,0.9150399121093751,False,REGULAR,USD,RKLB,2025-09-19,call,27.0,191,2.12,1.5607684670489905,0.2190608852694904,False,False
RKLB250919C00028000,2025-03-11 19:15:10+00:00,28.0,2.17,2.11,2.28,-0.5,-18.726591,9.0,122,0.9270026831054687,False,REGULAR,USD,RKLB,2025-09-19,call,28.0,191,2.11,1.7294173116536329,0.2180882284276544,False,False
RKLB250919C00029000,2025-03-10 19:42:02+00:00,29.0,1.85,1.56,2.24,0.0,0.0,4.0,351,0.8969736865234373,False,REGULAR,USD,RKLB,2025-09-19,call,29.0,191,1.56,1.805786592775771,0.16370423622328267,False,False
RKLB250919C00030000,2025-03-10 19:49:10+00:00,30.0,1.9,1.7,2.04,0.15999997,9.1954,42.0,1274,0.9194343994140625,False,REGULAR,USD,RKLB,2025-09-19,call,30.0,191,1.7,2.0095053087570824,0.17771276798536506,False,False
RKLB250919C00031000,2025-03-11 15:48:08+00:00,31.0,1.85,1.37,1.96,-0.5500001,-22.91667,4.0,64,0.9028330029296875,False,REGULAR,USD,RKLB,2025-09-19,call,31.0,191,1.37,2.1308276668078485,0.1445123087390383,False,False
RKLB250919C00032000,2025-03-11 17:23:40+00:00,32.0,1.55,1.5,1.96,0.0,0.0,9.0,602,0.9428716650390624,False,REGULAR,USD,RKLB,2025-09-19,call,32.0,191,1.5,2.3433295644592156,0.15766605490926755,False,False
RKLB250919C00033000,2025-03-10 14:24:24+00:00,33.0,1.65,1.54,1.84,0.0,0.0,1.0,85,0.9589847851562499,False,REGULAR,USD,RKLB,2025-09-19,call,33.0,191,1.54,2.54445284361322,0.16169381008748474,False,False
RKLB250919C00034000,2025-03-07 18:30:14+00:00,34.0,1.79,1.32,2.3,0.0,0.0,9.0,65,1.009770576171875,False,REGULAR,USD,RKLB,2025-09-19,call,34.0,191,1.32,2.69793002468179,0.13942730935963676,False,False
RKLB250919C00035000,2025-03-11 13:30:00+00:00,35.0,1.48,1.4,1.71,0.22000003,17.460321,8.0,1153,0.9748537670898438,False,REGULAR,USD,RKLB,2025-09-19,call,35.0,191,1.4,2.917189140177634,0.14755641197691083,False,False
RKLB250919C00036000,2025-03-06 17:08:05+00:00,36.0,1.82,1.23,1.49,0.0,0.0,1.0,402,0.9501958105468749,False,REGULAR,USD,RKLB,2025-09-19,call,36.0,191,1.23,3.0887736586255725,0.13023811574405475,False,False
RKLB250919C00037000,2025-03-06 14:47:49+00:00,37.0,1.87,1.16,1.53,0.0,0.0,10.0,599,0.9672854833984376,False,REGULAR,USD,RKLB,2025-09-19,call,37.0,191,1.16,3.285728096300611,0.1230588044311881,False,False
RKLB250919C00038000,2025-03-04 14:44:19+00:00,38.0,1.45,1.05,1.55,0.0,0.0,10.0,189,0.975586181640625,False,REGULAR,USD,RKLB,2025-09-19,call,38.0,191,1.05,3.4781477072581684,0.11172020191944387,False,False
RKLB250919C00039000,2025-02-20 15:03:14+00:00,39.0,3.79,1.05,1.4,0.0,0.0,1.0,188,0.975586181640625,False,REGULAR,USD,RKLB,2025-09-19,call,39.0,191,1.05,3.6997247330882557,0.11172020191944387,False,False
RKLB250919C00041000,2025-02-19 19:50:06+00:00,41.0,4.8,0.87,1.3,0.0,0.0,1.0,483,0.97460962890625,False,REGULAR,USD,RKLB,2025-09-19,call,41.0,191,0.87,4.115191682879084,0.09301640447902948,False,False
RKLB250919C00043000,2025-03-05 15:09:00+00:00,43.0,1.65,0.91,1.1,0.0,0.0,15.0,26,0.9853517089843751,False,REGULAR,USD,RKLB,2025-09-19,call,43.0,191,0.91,4.601999155393974,0.0971888586584706,False,False
RKLB250919C00046000,2025-01-27 14:30:19+00:00,46.0,5.0,1.18,1.6,0.0,0.0,2.0,5,1.1342816723632816,False,REGULAR,USD,RKLB,2025-09-19,call,46.0,191,1.18,5.427310708910377,0.12511290699386135,False,False
RKLB251017C00014000,2025-03-03 18:11:08+00:00,14.0,8.0,6.4,7.25,0.0,0.0,10.0,10,0.9707034179687499,True,REGULAR,USD,RKLB,2025-10-17,call,14.0,219,6.4,0.2672193001988372,0.5339391229270996,False,False
RKLB251017C00015000,2025-03-10 14:57:01+00:00,15.0,5.95,5.3,6.3,0.0,0.0,1.0,50,0.8481460498046874,True,REGULAR,USD,RKLB,2025-10-17,call,15.0,219,5.3,0.25427788416971553,0.45381601362417,False,False
RKLB251017C00016000,2025-02-28 17:49:49+00:00,16.0,7.25,5.7,5.85,0.0,0.0,2.0,33,0.9360357958984374,True,REGULAR,USD,RKLB,2025-10-17,call,16.0,219,5.7,0.4018250283512437,0.48353876451011824,False,False
RKLB251017C00017000,2025-03-10 14:10:13+00:00,17.0,5.3,4.7,5.8,0.0800004,1.5325748,1.0,7,0.911133701171875,True,REGULAR,USD,RKLB,2025-10-17,call,17.0,219,4.7,0.39927817593215775,0.40799371447130095,False,False
RKLB251017C00018000,2025-03-10 17:37:42+00:00,18.0,4.33,4.7,5.05,0.0,0.0,4.0,41,0.9104012866210938,False,REGULAR,USD,RKLB,2025-10-17,call,18.0,219,4.33,0.46632433042591104,0.3790050316425695,False,False
RKLB251017C00019000,2025-03-11 14:02:46+00:00,19.0,4.8,4.55,4.7,-0.39999962,-7.692301,5.0,41,0.92773509765625,False,REGULAR,USD,RKLB,2025-10-17,call,19.0,219,4.55,0.6022180390798377,0.3963083734952346,False,False
RKLB251017C00020000,2025-03-10 19:42:07+00:00,20.0,4.1,4.2,4.4,0.19999981,5.1282,1.0,56,0.9257819921875,False,REGULAR,USD,RKLB,2025-10-17,call,20.0,219,4.1,0.6635495155463771,0.3607066505453894,False,False
RKLB251017C00021000,2025-03-10 13:51:08+00:00,21.0,4.12,3.9,5.35,0.0,0.0,10.0,21,1.0383348864746096,False,REGULAR,USD,RKLB,2025-10-17,call,21.0,219,3.9,0.7556630367602377,0.3446226946034454,False,False
RKLB251017C00022000,2025-03-07 15:13:02+00:00,22.0,4.25,3.65,3.8,0.0,0.0,25.0,22,0.9223640576171875,False,REGULAR,USD,RKLB,2025-10-17,call,22.0,219,3.65,0.8436359149119272,0.3242935963869993,False,False
RKLB251017C00023000,2025-03-06 15:51:48+00:00,23.0,4.8,2.96,3.55,0.0,0.0,1.0,13,0.8823253955078124,False,REGULAR,USD,RKLB,2025-10-17,call,23.0,219,2.96,0.8788183021001927,0.266904797368377,False,False
RKLB251017C00024000,2025-03-10 14:35:11+00:00,24.0,3.1,3.2,3.3,0.0,0.0,1.0,14,0.922852333984375,False,REGULAR,USD,RKLB,2025-10-17,call,24.0,219,3.1,1.0183608136397257,0.27869995534396275,False,False
RKLB251017C00025000,2025-03-10 15:00:12+00:00,25.0,2.96,3.0,3.1,0.0,0.0,34.0,104,0.9248054394531251,False,REGULAR,USD,RKLB,2025-10-17,call,25.0,219,2.96,1.1255208776792034,0.266904797368377,False,False
RKLB251017C00026000,2025-03-10 17:41:08+00:00,26.0,2.49,2.68,3.4,0.0,0.0,1.0,1,0.958740646972656,False,REGULAR,USD,RKLB,2025-10-17,call,26.0,219,2.49,1.1914923928924086,0.22674936220874786,False,False
RKLB251017C00027000,2025-03-11 18:26:14+00:00,27.0,2.63,2.58,2.75,-1.0699999,-28.918917,7.0,5,0.9233406103515626,False,REGULAR,USD,RKLB,2025-10-17,call,27.0,219,2.58,1.3329912329681153,0.23450493065552502,False,False
RKLB251017C00028000,2025-03-07 17:25:55+00:00,28.0,2.78,2.41,2.56,0.0,0.0,2.0,11,0.9211433666992188,False,REGULAR,USD,RKLB,2025-10-17,call,28.0,219,2.41,1.4423416502280748,0.2198292951453501,False,False
RKLB251017C00029000,2025-03-06 15:49:47+00:00,29.0,3.4,1.96,2.42,0.0,0.0,,2,0.8945323046874999,False,REGULAR,USD,RKLB,2025-10-17,call,29.0,219,1.96,1.5148166226788589,0.18044605444810646,False,False
RKLB251017C00030000,2025-03-11 14:01:21+00:00,30.0,2.27,2.0,2.27,0.29999995,15.228424,2.0,144,0.9116219775390625,False,REGULAR,USD,RKLB,2025-10-17,call,30.0,219,2.0,1.657097370219521,0.18397815846781218,False,False
RKLB251017C00031000,2025-02-25 20:40:40+00:00,31.0,3.68,1.96,2.15,0.0,0.0,3.0,13,0.92187578125,False,REGULAR,USD,RKLB,2025-10-17,call,31.0,219,1.96,1.7909408235281763,0.18044605444810646,False,False
RKLB251017C00033000,2025-03-04 15:43:20+00:00,33.0,2.19,1.65,1.93,0.0,0.0,,30,0.9169930175781251,False,REGULAR,USD,RKLB,2025-10-17,call,33.0,219,1.65,2.0320760838345304,0.15286583344885096,False,False
RKLB251017C00034000,2025-02-28 17:57:28+00:00,34.0,2.56,1.56,1.83,0.0,0.0,4.0,2,0.9194343994140625,False,REGULAR,USD,RKLB,2025-10-17,call,34.0,219,1.56,2.1654811349076795,0.14479039861289011,False,False
RKLB251017C00035000,2025-03-10 19:42:07+00:00,35.0,1.53,1.49,1.91,0.0,0.0,3.0,46,0.9418951123046875,False,REGULAR,USD,RKLB,2025-10-17,call,35.0,219,1.49,2.30426066598767,0.13848833442435404,False,False
RKLB251017C00036000,2025-03-05 16:13:32+00:00,36.0,2.28,1.37,1.7,0.0,0.0,30.0,80,0.9267585449218749,False,REGULAR,USD,RKLB,2025-10-17,call,36.0,219,1.37,2.437567014614633,0.12764178312649332,False,False
RKLB251017C00040000,2025-03-07 17:38:36+00:00,40.0,1.62,1.07,1.46,0.0,0.0,2.0,22,0.938477177734375,False,REGULAR,USD,RKLB,2025-10-17,call,40.0,219,1.07,3.0216520861753633,0.1002885082065601,False,False
RKLB251219C00001000,2024-12-23 18:07:57+00:00,1.0,24.53,28.45,32.0,0.0,0.0,1.0,2,0.0,True,REGULAR,USD,RKLB,2025-12-19,call,1.0,282,24.53,0.6525726177391886,1.0,False,False
RKLB251219C00002000,2025-01-21 19:36:59+00:00,2.0,28.65,20.75,23.85,0.0,0.0,4.0,3,0.0,True,REGULAR,USD,RKLB,2025-12-19,call,2.0,282,20.75,0.42080686855397365,1.0,False,False
RKLB251219C00003000,2024-12-31 15:10:44+00:00,3.0,22.0,25.9,27.85,0.0,0.0,3.0,200,0.0,True,REGULAR,USD,RKLB,2025-12-19,call,3.0,282,22.0,0.6032779017206846,1.0,False,False
RKLB251219C00007000,2025-03-10 16:03:23+00:00,7.0,11.48,11.15,12.05,0.0,0.0,2.0,194,1.040043862304688,True,REGULAR,USD,RKLB,2025-12-19,call,7.0,282,11.15,0.0483928544218406,0.7378815052390222,False,False
RKLB251219C00010000,2025-03-10 17:08:08+00:00,10.0,8.9,9.25,9.8,0.0,0.0,5.0,192,0.993164130859375,True,REGULAR,USD,RKLB,2025-12-19,call,10.0,282,8.9,0.09861448707519971,0.6075283778707757,False,False
RKLB251219C00012000,2025-03-10 13:49:51+00:00,12.0,8.35,7.7,8.6,0.0,0.0,5.0,347,0.9257819921875,True,REGULAR,USD,RKLB,2025-12-19,call,12.0,282,7.7,0.15553437881903398,0.5334620129623924,False,False
RKLB251219C00015000,2025-03-11 16:22:23+00:00,15.0,7.0,4.95,7.45,0.8000002,12.903229,2.0,741,0.8244646459960936,True,REGULAR,USD,RKLB,2025-12-19,call,15.0,282,4.95,0.16795712850048194,0.35358828795044495,False,False
RKLB251219C00017000,2025-03-11 13:35:31+00:00,17.0,5.39,5.35,6.15,0.23999977,4.6601896,1.0,490,0.8913585083007811,True,REGULAR,USD,RKLB,2025-12-19,call,17.0,282,5.35,0.35248315503802097,0.38056141547476485,False,False
RKLB251219C00020000,2025-03-11 15:21:49+00:00,20.0,4.95,4.9,5.45,0.4499998,9.999996,13.0,6535,0.9604496142578124,False,REGULAR,USD,RKLB,2025-12-19,call,20.0,282,4.9,0.5528604314791365,0.3501983541673074,False,False
RKLB251219C00022000,2025-03-11 13:52:49+00:00,22.0,4.6,3.7,5.05,0.75,19.48052,2.0,548,0.9179695703125,False,REGULAR,USD,RKLB,2025-12-19,call,22.0,282,3.7,0.6143575621434458,0.26765738099599623,False,False
RKLB251219C00025000,2025-03-11 17:19:32+00:00,25.0,3.38,3.65,3.85,0.22000003,6.962026,47.0,1718,0.92773509765625,False,REGULAR,USD,RKLB,2025-12-19,call,25.0,282,3.38,0.8337071320364293,0.24527367231522712,False,False
RKLB251219C00027000,2025-03-11 14:10:48+00:00,27.0,3.26,2.81,3.6,0.30999994,10.508472,3.0,693,0.9018564501953125,False,REGULAR,USD,RKLB,2025-12-19,call,27.0,282,2.81,0.9522490583249308,0.2050277438895629,False,False
RKLB251219C00030000,2025-03-10 19:26:33+00:00,30.0,2.73,2.7,3.15,0.120000124,4.5977063,20.0,2926,0.9355475195312499,False,REGULAR,USD,RKLB,2025-12-19,call,30.0,282,2.7,1.1996167820927406,0.19720661324114908,False,False
RKLB251219C00032000,2025-03-10 19:12:05+00:00,32.0,2.26,2.38,2.67,0.0,0.0,188.0,400,0.9155281884765626,False,REGULAR,USD,RKLB,2025-12-19,call,32.0,282,2.26,1.3348404305137351,0.16574934692859533,False,False
RKLB251219C00035000,2025-03-11 15:30:54+00:00,35.0,2.29,2.14,2.49,0.3399999,17.435894,25.0,1639,0.9406744213867188,False,REGULAR,USD,RKLB,2025-12-19,call,35.0,282,2.14,1.5911058167024175,0.1571226314071721,False,False
RKLB251219C00037000,2025-03-11 14:21:15+00:00,37.0,2.26,1.99,2.18,0.37,19.57672,1.0,399,0.936524072265625,False,REGULAR,USD,RKLB,2025-12-19,call,37.0,282,1.99,1.7586492251304446,0.14631094979645531,False,False
RKLB251219C00040000,2025-03-11 16:26:13+00:00,40.0,1.7,1.74,2.0,0.060000062,3.6585405,3.0,1265,0.9465337377929688,False,REGULAR,USD,RKLB,2025-12-19,call,40.0,282,1.7,2.008092510941325,0.1253200079585418,False,False
RKLB251219C00042000,2025-03-07 19:51:35+00:00,42.0,1.75,1.54,1.97,-0.31999993,-15.458934,1.0,462,0.9545902978515625,False,REGULAR,USD,RKLB,2025-12-19,call,42.0,282,1.54,2.180311322194534,0.11368939505698195,False,False
RKLB251219C00045000,2025-03-07 16:36:57+00:00,45.0,1.73,1.37,1.82,0.0,0.0,12.0,762,0.9643558251953125,False,REGULAR,USD,RKLB,2025-12-19,call,45.0,282,1.37,2.449587012955621,0.10129373248238793,False,False
RKLB251219C00047000,2025-03-10 17:00:47+00:00,47.0,1.28,1.11,1.63,0.0,0.0,1.0,1134,0.9433599414062499,False,REGULAR,USD,RKLB,2025-12-19,call,47.0,282,1.11,2.617114213443198,0.08226032110279691,False,False
RKLB251219C00050000,2025-03-10 19:26:33+00:00,50.0,1.36,1.12,1.64,0.14999998,12.396692,7.0,3781,0.9799806689453125,False,REGULAR,USD,RKLB,2025-12-19,call,50.0,282,1.12,2.9125033734895074,0.08299404970448876,False,False
RKLB260116C00001500,2024-12-19 14:32:05+00:00,1.5,22.5,20.0,25.0,0.0,0.0,5.0,82,0.0,True,REGULAR,USD,RKLB,2026-01-16,call,1.5,310,20.0,0.292921717758281,1.0,False,False
RKLB260116C00004500,2025-03-11 18:33:17+00:00,4.5,13.6,13.55,13.85,-0.8999996,-6.206894,1.0,1431,1.126957490234375,True,REGULAR,USD,RKLB,2026-01-16,call,4.5,310,13.55,0.04498576737521209,0.836942139247151,False,False
RKLB260116C00005500,2025-03-03 20:48:24+00:00,5.5,13.5,12.65,12.95,0.0,0.0,4.0,1497,1.0390673046875003,True,REGULAR,USD,RKLB,2026-01-16,call,5.5,310,12.65,0.049608354847911595,0.789240971071204,False,False
RKLB260116C00007000,2025-03-11 15:51:11+00:00,7.0,11.8,11.55,12.2,1.1000004,10.280377,4.0,8606,1.111332568359375,True,REGULAR,USD,RKLB,2026-01-16,call,7.0,310,11.55,0.0737792441189451,0.7286605004967159,False,False
RKLB260116C00010000,2025-03-11 18:10:18+00:00,10.0,9.4,9.45,9.7,0.39999962,4.4444404,32.0,12672,0.9614261669921874,True,REGULAR,USD,RKLB,2026-01-16,call,10.0,310,9.4,0.12584089986063707,0.6043873632033077,False,False
RKLB260116C00012000,2025-03-11 18:51:28+00:00,12.0,8.47,8.25,8.55,0.69000006,8.868896,58.0,5144,0.9399420068359375,True,REGULAR,USD,RKLB,2026-01-16,call,12.0,310,8.25,0.18056103895729736,0.5352585174007937,False,False
RKLB260116C00015000,2025-03-11 19:43:58+00:00,15.0,7.0,6.85,7.1,0.8000002,12.903229,174.0,2775,0.9289557885742188,True,REGULAR,USD,RKLB,2026-01-16,call,15.0,310,6.85,0.2863748068226968,0.4489711825279906,False,False
RKLB260116C00017000,2025-03-11 18:46:53+00:00,17.0,6.15,6.1,6.3,0.4000001,6.956523,19.0,1855,0.9267585449218749,True,REGULAR,USD,RKLB,2026-01-16,call,17.0,310,6.1,0.3707767653587535,0.4018708142634839,False,False
RKLB260116C00020000,2025-03-11 19:59:38+00:00,20.0,5.3,5.1,5.25,0.5600004,11.814356,165.0,4797,0.9162606030273439,False,REGULAR,USD,RKLB,2026-01-16,call,20.0,310,5.1,0.5079269961384689,0.33819497975719426,False,False
RKLB260116C00022000,2025-03-11 18:28:00+00:00,22.0,4.58,4.55,4.75,0.5799999,14.499998,5.0,739,0.9182137084960937,False,REGULAR,USD,RKLB,2026-01-16,call,22.0,310,4.55,0.6089812945965072,0.30276949087891936,False,False
RKLB260116C00025000,2025-03-11 19:49:31+00:00,25.0,3.96,3.9,4.0,0.30999994,8.493149,162.0,2920,0.9155281884765626,False,REGULAR,USD,RKLB,2026-01-16,call,25.0,310,3.9,0.7753811089687841,0.2605512545752037,False,False
RKLB260116C00027000,2025-03-11 15:53:51+00:00,27.0,3.55,3.5,3.65,0.5,16.393442,35.0,2323,0.9169930175781251,False,REGULAR,USD,RKLB,2026-01-16,call,27.0,310,3.5,0.8901543351978483,0.23438770012473775,False,False
RKLB260116C00030000,2025-03-11 18:12:20+00:00,30.0,3.1,3.05,3.15,0.32999992,11.913355,49.0,4116,0.91992267578125,False,REGULAR,USD,RKLB,2026-01-16,call,30.0,310,3.05,1.0757161888965001,0.20479196114392562,False,False
RKLB260116C00032000,2025-03-11 17:28:17+00:00,32.0,2.55,2.6,2.87,0.099999905,4.081629,19.0,481,0.9067392138671875,False,REGULAR,USD,RKLB,2026-01-16,call,32.0,310,2.55,1.1854730184498625,0.17171219492193102,False,False
RKLB260116C00035000,2025-03-11 14:10:27+00:00,35.0,2.47,2.47,2.55,0.20000005,8.810575,12.0,1417,0.9291999267578125,False,REGULAR,USD,RKLB,2026-01-16,call,35.0,310,2.47,1.4037887530136075,0.16640069719078676,False,False
RKLB260116C00037000,2025-03-10 16:26:16+00:00,37.0,2.24,2.17,2.36,0.0,0.0,2.0,1707,0.9238288867187501,False,REGULAR,USD,RKLB,2026-01-16,call,37.0,310,2.17,1.5316472582938787,0.1464373013169713,False,False
RKLB260116C00040000,2025-03-11 19:59:52+00:00,40.0,2.07,1.99,2.15,0.14999998,7.812499,23.0,6304,0.9379889013671875,False,REGULAR,USD,RKLB,2026-01-16,call,40.0,310,1.99,1.746715946560979,0.1344252972907789,False,False
RKLB260116C00042000,2025-03-10 18:14:56+00:00,42.0,1.66,1.91,2.03,0.0,0.0,12.0,782,0.9492192578124999,False,REGULAR,USD,RKLB,2026-01-16,call,42.0,310,1.66,1.874713927976245,0.1123380873834613,False,False
RKLB260116C00045000,2025-03-11 17:33:00+00:00,45.0,1.52,1.55,1.87,-0.08000004,-5.0000024,21.0,1655,0.9414068359375,False,REGULAR,USD,RKLB,2026-01-16,call,45.0,310,1.52,2.097041832027995,0.10294255696718546,False,False
RKLB260116C00047000,2025-03-04 15:41:36+00:00,47.0,2.0,1.55,1.78,0.0,0.0,6.0,294,0.9570316796874999,False,REGULAR,USD,RKLB,2026-01-16,call,47.0,310,1.55,2.256677089568454,0.104957138917121,False,False
RKLB260116C00050000,2025-03-11 14:46:11+00:00,50.0,1.39,1.45,1.72,-0.00999999,-0.714285,3.0,2364,0.975586181640625,False,REGULAR,USD,RKLB,2026-01-16,call,50.0,310,1.39,2.4814491549931668,0.09420483497108478,False,False
RKLB261218C00001500,2024-11-13 14:37:12+00:00,1.5,19.0,20.5,24.7,0.0,0.0,1.0,82,0.0,True,REGULAR,USD,RKLB,2026-12-18,call,1.5,646,19.0,0.12219329412218594,1.0,False,False
RKLB261218C00002000,2025-01-13 15:00:32+00:00,2.0,22.5,25.2,27.0,0.0,0.0,1.0,66,0.0,True,REGULAR,USD,RKLB,2026-12-18,call,2.0,646,22.5,0.24070005405650896,1.0,False,False
RKLB261218C00007000,2025-03-10 19:22:57+00:00,7.0,12.25,12.35,13.6,0.6999998,6.0606046,1.0,2229,1.0727585424804689,True,REGULAR,USD,RKLB,2026-12-18,call,7.0,646,12.25,0.07097341168730131,0.5292424030715546,False,False
RKLB261218C00010000,2025-03-11 17:03:36+00:00,10.0,10.55,10.4,11.2,0.5500002,5.500002,4.0,1980,0.8984385156249999,True,REGULAR,USD,RKLB,2026-12-18,call,10.0,646,10.4,0.10121659765367341,0.4256441902626472,False,False
RKLB261218C00012000,2025-03-11 18:47:41+00:00,12.0,10.35,9.75,10.25,1.3500004,15.000004,28.0,3665,0.9060067993164063,True,REGULAR,USD,RKLB,2026-12-18,call,12.0,646,9.75,0.1390623108398381,0.39254040378762534,False,False
RKLB261218C00015000,2025-03-11 13:30:02+00:00,15.0,8.0,8.9,9.3,-0.10000038,-1.2345725,10.0,497,0.9291999267578125,True,REGULAR,USD,RKLB,2026-12-18,call,15.0,646,8.0,0.17094663329311444,0.30960691383961103,False,False
RKLB261218C00017000,2025-03-11 16:54:47+00:00,17.0,8.05,8.25,8.55,-1.0500002,-11.538463,3.0,255,0.9157723266601563,True,REGULAR,USD,RKLB,2026-12-18,call,17.0,646,8.05,0.22752942872749826,0.3118686791808637,False,False
RKLB261218C00020000,2025-03-10 19:58:29+00:00,20.0,7.5,7.4,8.6,0.3499999,4.895104,32.0,803,0.9624027197265624,False,REGULAR,USD,RKLB,2026-12-18,call,20.0,646,7.4,0.28869299410451776,0.2828965806254845,False,False
RKLB261218C00022000,2025-03-10 18:30:16+00:00,22.0,6.36,6.9,7.25,0.0,0.0,70.0,301,0.9060067993164063,False,REGULAR,USD,RKLB,2026-12-18,call,22.0,646,6.36,0.31161288989048797,0.23832576412615014,False,False
RKLB261218C00025000,2025-03-11 15:33:57+00:00,25.0,6.65,5.3,6.65,0.07999992,1.2176548,23.0,1730,0.8518081225585938,False,REGULAR,USD,RKLB,2026-12-18,call,25.0,646,5.3,0.3588896159624837,0.19487575559840353,False,False
RKLB261218C00027000,2025-03-11 17:14:59+00:00,27.0,5.7,5.5,6.6,0.26999998,4.9723754,15.0,175,0.8999033447265624,False,REGULAR,USD,RKLB,2026-12-18,call,27.0,646,5.5,0.4134634591359021,0.20293391852747933,False,False
RKLB261218C00030000,2025-03-11 19:35:35+00:00,30.0,5.5,5.35,5.75,0.36000013,7.0038943,7.0,845,0.8979502392578124,False,REGULAR,USD,RKLB,2026-12-18,call,30.0,646,5.35,0.48115042190745183,0.19688445854303893,False,False
RKLB261218C00032000,2025-03-05 15:08:41+00:00,32.0,5.25,4.8,5.55,-1.6799998,-24.242422,1.0,118,0.8889171264648437,False,REGULAR,USD,RKLB,2026-12-18,call,32.0,646,4.8,0.5139039764203166,0.1749966022486077,False,False
RKLB261218C00035000,2025-03-10 19:31:04+00:00,35.0,4.73,4.75,5.15,0.32999992,7.499998,2.0,1097,0.9064950756835937,False,REGULAR,USD,RKLB,2026-12-18,call,35.0,646,4.73,0.5801483220101282,0.1722429197036317,False,False
RKLB261218C00037000,2025-02-27 14:45:09+00:00,37.0,4.75,4.5,4.9,-2.2199998,-31.850788,1.0,332,0.9050302465820312,False,REGULAR,USD,RKLB,2026-12-18,call,37.0,646,4.5,0.6188534445365652,0.16324431909197856,False,False
RKLB261218C00040000,2025-03-11 15:58:28+00:00,40.0,4.4,4.2,4.55,0.3499999,8.641973,31.0,4040,0.9047861083984375,False,REGULAR,USD,RKLB,2026-12-18,call,40.0,646,4.2,0.676638872587253,0.15161776127472792,False,False
RKLB261218C00042000,2025-03-11 18:39:43+00:00,42.0,4.25,4.05,4.4,-1.9499998,-31.45161,2.0,251,0.9095468029785156,False,REGULAR,USD,RKLB,2026-12-18,call,42.0,646,4.05,0.7154457795144569,0.14585026606791873,False,False
RKLB261218C00045000,2025-03-10 16:49:17+00:00,45.0,3.8,3.75,4.15,0.0,0.0,12.0,288,0.9089364575195311,False,REGULAR,USD,RKLB,2026-12-18,call,45.0,646,3.75,0.7707815186347182,0.13440425387587973,False,False
RKLB261218C00047000,2025-03-10 19:25:59+00:00,47.0,3.9,3.25,4.0,0.60000014,18.181824,12.0,478,0.8918467846679687,False,REGULAR,USD,RKLB,2026-12-18,call,47.0,646,3.25,0.8004724758875805,0.11558205277841205,False,False
RKLB270115C00007000,2025-03-11 18:52:00+00:00,7.0,12.8,11.95,12.8,0.8500004,7.112974,12.0,1389,0.8920909228515624,True,REGULAR,USD,RKLB,2027-01-15,call,7.0,674,11.95,0.05977133348101571,0.49864912779822235,False,False
RKLB270115C00010000,2025-03-11 16:33:28+00:00,10.0,10.68,10.9,11.2,0.47000027,4.6033325,6.0,2098,0.9262702685546875,True,REGULAR,USD,RKLB,2027-01-15,call,10.0,674,10.68,0.10617930494359618,0.42838551079105347,False,False
RKLB270115C00012000,2025-03-11 13:30:03+00:00,12.0,10.45,9.75,10.35,1.1199999,12.004286,2.0,3657,0.8950205810546874,True,REGULAR,USD,RKLB,2027-01-15,call,12.0,674,9.75,0.13377790233724096,0.3812646766815093,False,False
RKLB270115C00015000,2025-03-11 19:55:42+00:00,15.0,10.15,9.0,9.25,1.3999996,15.999996,277.0,2536,0.9133309448242188,True,REGULAR,USD,RKLB,2027-01-15,call,15.0,674,9.0,0.1924066870164549,0.3453726159711724,False,False
RKLB270115C00017000,2025-03-11 16:53:27+00:00,17.0,7.95,8.4,8.65,0.30999994,4.057591,11.0,1130,0.9125985302734375,True,REGULAR,USD,RKLB,2027-01-15,call,17.0,674,7.95,0.2150217591656507,0.29775409256183216,False,False
RKLB270115C00020000,2025-03-11 19:28:13+00:00,20.0,7.7,7.6,7.8,0.39999962,5.479447,56.0,3827,0.9064950756835937,False,REGULAR,USD,RKLB,2027-01-15,call,20.0,674,7.6,0.28108138937253235,0.2824789433933378,False,False
RKLB270115C00022000,2025-03-11 19:28:13+00:00,22.0,7.05,7.05,7.35,0.52,7.9632463,104.0,780,0.9011240356445311,False,REGULAR,USD,RKLB,2027-01-15,call,22.0,674,7.05,0.3153847591171146,0.2590159065828693,False,False
RKLB270115C00025000,2025-03-11 17:19:15+00:00,25.0,6.6,6.5,6.75,0.5,8.196721,92.0,2198,0.90429783203125,False,REGULAR,USD,RKLB,2027-01-15,call,25.0,674,6.5,0.37234913008639503,0.23616566810110606,False,False
RKLB270115C00027000,2025-03-11 19:07:52+00:00,27.0,6.3,6.1,7.0,0.5500002,9.565221,17.0,822,0.9348151049804687,False,REGULAR,USD,RKLB,2027-01-15,call,27.0,674,6.1,0.40842324055382795,0.21990444814229648,False,False
RKLB270115C00030000,2025-03-11 18:58:03+00:00,30.0,5.84,5.65,5.9,0.48000002,8.955224,50.0,3748,0.9028330029296875,False,REGULAR,USD,RKLB,2027-01-15,call,30.0,674,5.65,0.4646636152610635,0.20194693683157405,False,False
RKLB270115C00032000,2025-03-10 15:03:35+00:00,32.0,5.5,4.95,5.65,0.03999996,0.73260003,17.0,503,0.8833019482421874,False,REGULAR,USD,RKLB,2027-01-15,call,32.0,674,4.95,0.4918772433984524,0.17467325719159332,False,False
RKLB270115C00035000,2025-03-11 16:22:23+00:00,35.0,5.04,4.95,5.4,0.4000001,8.620691,32.0,8367,0.9108895629882812,False,REGULAR,USD,RKLB,2027-01-15,call,35.0,674,4.95,0.5556670683970466,0.17467325719159332,False,False
RKLB270115C00037000,2025-03-11 19:29:00+00:00,37.0,4.88,4.65,5.0,0.49000025,11.1617365,7.0,2222,0.8989267919921874,False,REGULAR,USD,RKLB,2027-01-15,call,37.0,674,4.65,0.5903874598982548,0.1632155986052476,False,False
RKLB270115C00040000,2025-03-11 19:08:05+00:00,40.0,4.7,4.5,4.7,0.40999985,9.557106,62.0,3849,0.9089364575195311,False,REGULAR,USD,RKLB,2027-01-15,call,40.0,674,4.5,0.6477268371636251,0.15753630637726934,False,False
RKLB270115C00042000,2025-03-06 19:14:10+00:00,42.0,5.03,4.2,4.55,0.0,0.0,30.0,689,0.9060067993164063,False,REGULAR,USD,RKLB,2027-01-15,call,42.0,674,4.2,0.6808286776464048,0.1462738326767702,False,False
RKLB270115C00045000,2025-03-11 19:43:46+00:00,45.0,4.13,3.85,4.3,0.3900001,10.427811,3.0,2459,0.9030771411132812,False,REGULAR,USD,RKLB,2027-01-15,call,45.0,674,3.85,0.7315247035545767,0.13329120560369312,False,False
RKLB270115C00047000,2025-03-11 19:18:26+00:00,47.0,3.96,3.8,4.15,0.21000004,5.600001,6.0,389,0.9099130102539061,False,REGULAR,USD,RKLB,2027-01-15,call,47.0,674,3.8,0.7683329381149773,0.1314499686801165,False,False
RKLB270115C00050000,2025-03-11 19:29:00+00:00,50.0,3.79,3.05,4.0,0.13999987,3.8356128,15.0,4449,0.8865978137207031,False,REGULAR,USD,RKLB,2027-01-15,call,50.0,674,3.05,0.8090580589957481,0.10421705984492347,False,False
